CATEGORY,KEEP,CID,NEW_NAME
Population and dwellings,T,,
"Population, 2016Census data footnote1",T,1,
"Population, 2011Census data footnote1",T,2,
"Population percentage change, 2011 to 2016",T,3,
Total private dwellingsCensus data footnote2,T,4,
Private dwellings occupied by usual residentsCensus data footnote3,T,5,
Population density per square kilometre,T,6,
Land area in square kilometres,T,7,
Age characteristics,T,,
Total - Age groups and average age of the population - 100% dataCensus data footnote4,F,8,
0 to 14 years,F,9,
0 to 4 years,T,10,
5 to 9 years,T,11,
10 to 14 years,T,12,
15 to 64 years,F,13,
15 to 19 years,T,14,
20 to 24 years,T,15,
25 to 29 years,T,16,
30 to 34 years,T,17,
35 to 39 years,T,18,
40 to 44 years,T,19,
45 to 49 years,T,20,
50 to 54 years,T,21,
55 to 59 years,T,22,
60 to 64 years,T,23,
65 years and over,F,24,
65 to 69 years,T,25,
70 to 74 years,T,26,
75 to 79 years,T,27,
80 to 84 years,T,28,
85 years and over,F,29,
85 to 89 years,T,30,
90 to 94 years,T,31,
95 to 99 years,T,32,
100 years and over,T,33,
Total - Distribution (%) of the population by broad age groups - 100% data,F,34,
0 to 14 years,F,35,
15 to 64 years,F,36,
65 years and over,F,37,
85 years and over,F,38,
Average age of the population,T,39,
Median age of the population,T,40,
Household and dwelling characteristics,T,,
Total - Occupied private dwellings by structural type of dwelling - 100% dataCensus data footnote5,F,41,
Single-detached house,T,42,
Apartment in a building that has five or more storeys,T,43,
Other attached dwellingCensus data footnote6,F,44,
Semi-detached house,T,45,
Row house,T,46,
Apartment or flat in a duplex,T,47,
Apartment in a building that has fewer than five storeys,T,48,
Other single-attached house,T,49,
Movable dwellingCensus data footnote7,T,50,
Total - Private households by household size - 100% dataCensus data footnote8,F,51,
1 person,T,52,
2 persons,T,53,
3 persons,T,54,
4 persons,T,55,
5 or more persons,T,56,
Number of persons in private households,T,57,
Average household size,T,58,
Marital status,T,,
Total - Marital status for the population aged 15 years and over - 100% dataCensus data footnote9,F,59,
Married or living common law,F,60,
Married,T,61,
Living common law,T,62,
Not married and not living common law,F,63,
Never married,T,64,
Separated,T,65,
Divorced,T,66,
Widowed,T,67,
Family characteristics,T,,
Total - Census families in private households by family size - 100% dataCensus data footnote10,F,68,
2 persons,T,69,
3 persons,T,70,
4 persons,T,71,
5 or more persons,T,72,
Average size of census families,T,73,
Total number of census families in private households - 100% dataCensus data footnote11,F,74,Total - Number of census families in private households - 100% data
Total couple families,F,75,
Married couples,T,76,
Common-law couples,T,77,
Total lone-parent families by sex of parent,F,78,
Female parent,T,79,
Male parent,T,80,
Total - Couple census families in private households - 100% data,F,81,
Couples without children,T,82,
Couples with children,F,83,
1 child,T,84,Couples with 1 child
2 children,T,85,Couples with 2 children
3 or more children,T,86,Couples with 3 or more children
Total - Lone-parent census families in private households - 100% data,F,87,
1 child,T,88,Lone parent with 1 child
2 children,T,89,Lone parent with 2 children
3 or more children,T,90,Lone parent with 3 or more children
Total - Persons not in census families in private households - 100% data,T,91,Persons not in census families in private households
Household type,T,,
Total - Private households by household type - 100% dataCensus data footnote12,F,92,
One-census-family households,F,93,
Without children in a census familyCensus data footnote13,T,94,
With children in a census familyCensus data footnote14,T,95,
Multiple-census-family households,T,96,
Non-census-family households,F,97,
One-person households,T,98,
Two-or-more person non-census-family households,T,99,
Knowledge of official languagesUpdate of the 2016 Census language data,T,,
Total - Knowledge of official languages for the total population excluding institutional residents - 100% dataCensus data footnote15,F,100,
English only,T,101,
French only,T,102,
English and French,T,103,
Neither English nor French,T,104,
First official language spokenUpdate of the 2016 Census language data,T,,
Total - First official language spoken for the total population excluding institutional residents - 100% dataCensus data footnote16,F,105,
English,T,106,
French,T,107,
English and French,T,108,
Neither English nor French,T,109,
Official language minority (number)Census data footnote17,T,110,
Official language minority (percentage)Census data footnote17,T,111,
Mother tongueUpdate of the 2016 Census language data,F,,
Total - Mother tongue for the total population excluding institutional residents - 100% dataCensus data footnote18,F,112,
Single responses,F,113,
Official languages,F,114,
English,F,115,
French,F,116,
Non-official languages,F,117,
Aboriginal languages,F,118,
Algonquian languages,F,119,
Blackfoot,F,120,
Cree-Montagnais languages,F,121,
Atikamekw,F,122,
Montagnais (Innu),F,123,
Moose Cree,F,124,
Naskapi,F,125,
Northern East Cree,F,126,
Plains Cree,F,127,
Southern East Cree,F,128,
Swampy Cree,F,129,
Woods Cree,F,130,
"Cree, n.o.s.",F,131,
Eastern Algonquian languages,F,132,
Malecite,F,133,
Mi'kmaq,F,134,
Ojibway-Potawatomi languages,F,135,
Algonquin,F,136,
Ojibway,F,137,
Oji-Cree,F,138,
Ottawa (Odawa),F,139,
"Algonquian languages, n.i.e.",F,140,
Athabaskan languages,F,141,
Northern Athabaskan languages,F,142,
Babine (Wetsuwet'en),F,143,
Beaver,F,144,
Carrier,F,145,
Chilcotin,F,146,
Dene,F,147,
Dogrib (Tlicho),F,148,
Gwich'in,F,149,
Sarsi (Sarcee),F,150,
Sekani,F,151,
Slavey-Hare languages,F,152,
North Slavey (Hare),F,153,
South Slavey,F,154,
"Slavey, n.o.s.",F,155,
Tahltan languages,F,156,
Kaska (Nahani),F,157,
Tahltan,F,158,
Tutchone languages,F,159,
Northern Tutchone,F,160,
Southern Tutchone,F,161,
"Athabaskan languages, n.i.e.",F,162,
Haida,F,163,
Inuit languages,F,164,
Inuinnaqtun (Inuvialuktun),F,165,
Inuktitut,F,166,
"Inuit languages, n.i.e.",F,167,
Iroquoian languages,F,168,
Cayuga,F,169,
Mohawk,F,170,
Oneida,F,171,
"Iroquoian languages, n.i.e.",F,172,
Kutenai,F,173,
Michif,F,174,
Salish languages,F,175,
Comox,F,176,
Halkomelem,F,177,
Lillooet,F,178,
Okanagan,F,179,
Shuswap (Secwepemctsin),F,180,
Squamish,F,181,
Straits,F,182,
Thompson (Ntlakapamux),F,183,
"Salish languages, n.i.e.",F,184,
Siouan languages,F,185,
Dakota,F,186,
Stoney,F,187,
"Siouan languages, n.i.e.",F,188,
Tlingit,F,189,
Tsimshian languages,F,190,
Gitxsan (Gitksan),F,191,
Nisga'a,F,192,
Tsimshian,F,193,
Wakashan languages,F,194,
Haisla,F,195,
Heiltsuk,F,196,
Kwakiutl (Kwak'wala),F,197,
Nuu-chah-nulth (Nootka),F,198,
"Wakashan languages, n.i.e.",F,199,
"Aboriginal languages, n.o.s.",F,200,
Non-Aboriginal languages,F,201,
Afro-Asiatic languages,F,202,
Berber languages,F,203,
Kabyle,F,204,
"Berber languages, n.i.e.",F,205,
Cushitic languages,F,206,
Bilen,F,207,
Oromo,F,208,
Somali,F,209,
"Cushitic languages, n.i.e.",F,210,
Semitic languages,F,211,
Amharic,F,212,
Arabic,F,213,
Assyrian Neo-Aramaic,F,214,
Chaldean Neo-Aramaic,F,215,
Harari,F,216,
Hebrew,F,217,
Maltese,F,218,
Tigrigna,F,219,
"Semitic languages, n.i.e.",F,220,
"Afro-Asiatic languages, n.i.e.",F,221,
Austro-Asiatic languages,F,222,
Khmer (Cambodian),F,223,
Vietnamese,F,224,
"Austro-Asiatic languages, n.i.e",F,225,
Austronesian languages,F,226,
Bikol,F,227,
Cebuano,F,228,
Fijian,F,229,
Hiligaynon,F,230,
Ilocano,F,231,
Malagasy,F,232,
Malay,F,233,
"Pampangan (Kapampangan, Pampango)",F,234,
Pangasinan,F,235,
"Tagalog (Pilipino, Filipino)",F,236,
Waray-Waray,F,237,
"Austronesian languages, n.i.e.",F,238,
Creole languages,F,239,
Haitian Creole,F,240,
"Creole, n.o.s.",F,241,
"Creole languages, n.i.e.",F,242,
Dravidian languages,F,243,
Kannada,F,244,
Malayalam,F,245,
Tamil,F,246,
Telugu,F,247,
"Dravidian languages, n.i.e.",F,248,
Hmong-Mien languages,F,249,
Indo-European languages,F,250,
Albanian,F,251,
Armenian,F,252,
Balto-Slavic languages,F,253,
Baltic languages,F,254,
Latvian,F,255,
Lithuanian,F,256,
Slavic languages,F,257,
Belarusan,F,258,
Bosnian,F,259,
Bulgarian,F,260,
Croatian,F,261,
Czech,F,262,
Macedonian,F,263,
Polish,F,264,
Russian,F,265,
Serbian,F,266,
Serbo-Croatian,F,267,
Slovak,F,268,
Slovene (Slovenian),F,269,
Ukrainian,F,270,
"Slavic languages, n.i.e.",F,271,
Celtic languages,F,272,
Scottish Gaelic,F,273,
Welsh,F,274,
"Celtic languages, n.i.e.",F,275,
Germanic languages,F,276,
Afrikaans,F,277,
Danish,F,278,
Dutch,F,279,
Frisian,F,280,
German,F,281,
Icelandic,F,282,
Norwegian,F,283,
Swedish,F,284,
Vlaams (Flemish),F,285,
Yiddish,F,286,
"Germanic languages, n.i.e.",F,287,
Greek,F,288,
Indo-Iranian languages,F,289,
Indo-Aryan languages,F,290,
Bengali,F,291,
Gujarati,F,292,
Hindi,F,293,
Kashmiri,F,294,
Konkani,F,295,
Marathi,F,296,
Nepali,F,297,
Oriya (Odia),F,298,
Punjabi (Panjabi),F,299,
Sindhi,F,300,
Sinhala (Sinhalese),F,301,
Urdu,F,302,
Iranian languages,F,303,
Kurdish,F,304,
Pashto,F,305,
Persian (Farsi),F,306,
"Indo-Iranian languages, n.i.e.",F,307,
Italic (Romance) languages,F,308,
Catalan,F,309,
Italian,F,310,
Portuguese,F,311,
Romanian,F,312,
Spanish,F,313,
"Italic (Romance) languages, n.i.e.",F,314,
Japanese,F,315,
Kartvelian languages,F,316,
Georgian,F,317,
Korean,F,318,
Mongolic languages,F,319,
Mongolian,F,320,
Niger-Congo languages,F,321,
Akan (Twi),F,322,
Bamanankan,F,323,
Edo,F,324,
Ewe,F,325,
"Fulah (Pular, Pulaar, Fulfulde)",F,326,
Ga,F,327,
Ganda,F,328,
Igbo,F,329,
Lingala,F,330,
Rundi (Kirundi),F,331,
Kinyarwanda (Rwanda),F,332,
Shona,F,333,
Swahili,F,334,
Wolof,F,335,
Yoruba,F,336,
"Niger-Congo languages, n.i.e.",F,337,
Nilo-Saharan languages,F,338,
Dinka,F,339,
"Nilo-Saharan languages, n.i.e.",F,340,
Sign languages,F,341,
American Sign Language,F,342,
Quebec Sign Language,F,343,
"Sign languages, n.i.e",F,344,
Sino-Tibetan languages,F,345,
Chinese languages,F,346,
Cantonese,F,347,
Hakka,F,348,
Mandarin,F,349,
Min Dong,F,350,
"Min Nan (Chaochow, Teochow, Fukien, Taiwanese)",F,351,
Wu (Shanghainese),F,352,
"Chinese, n.o.s.",F,353,
"Chinese languages, n.i.e.",F,354,
Tibeto-Burman languages,F,355,
Burmese,F,356,
Karenic languages,F,357,
Tibetan,F,358,
"Tibeto-Burman languages, n.i.e.",F,359,
Tai-Kadai languages,F,360,
Lao,F,361,
Thai,F,362,
"Tai-Kadai languages, n.i.e",F,363,
Turkic languages,F,364,
Azerbaijani,F,365,
Turkish,F,366,
Uyghur,F,367,
Uzbek,F,368,
"Turkic languages, n.i.e.",F,369,
Uralic languages,F,370,
Estonian,F,371,
Finnish,F,372,
Hungarian,F,373,
"Uralic languages, n.i.e.",F,374,
"Other languages, n.i.e.",F,375,
Multiple responses,F,376,
English and French,F,377,
English and non-official language,F,378,
French and non-official language,F,379,
"English, French and non-official language",F,380,
Language spoken most often at homeUpdate of the 2016 Census language data,F,,
Total - Language spoken most often at home for the total population excluding institutional residents - 100% dataCensus data footnote19,F,381,
Single responses,F,382,
Official languages,F,383,
English,F,384,
French,F,385,
Non-official languages,F,386,
Aboriginal languages,F,387,
Algonquian languages,F,388,
Blackfoot,F,389,
Cree-Montagnais languages,F,390,
Atikamekw,F,391,
Montagnais (Innu),F,392,
Moose Cree,F,393,
Naskapi,F,394,
Northern East Cree,F,395,
Plains Cree,F,396,
Southern East Cree,F,397,
Swampy Cree,F,398,
Woods Cree,F,399,
"Cree, n.o.s.",F,400,
Eastern Algonquian languages,F,401,
Malecite,F,402,
Mi'kmaq,F,403,
Ojibway-Potawatomi languages,F,404,
Algonquin,F,405,
Ojibway,F,406,
Oji-Cree,F,407,
Ottawa (Odawa),F,408,
"Algonquian languages, n.i.e.",F,409,
Athabaskan languages,F,410,
Northern Athabaskan languages,F,411,
Babine (Wetsuwet'en),F,412,
Beaver,F,413,
Carrier,F,414,
Chilcotin,F,415,
Dene,F,416,
Dogrib (Tlicho),F,417,
Gwich'in,F,418,
Sarsi (Sarcee),F,419,
Sekani,F,420,
Slavey-Hare languages,F,421,
North Slavey (Hare),F,422,
South Slavey,F,423,
"Slavey, n.o.s.",F,424,
Tahltan languages,F,425,
Kaska (Nahani),F,426,
Tahltan,F,427,
Tutchone languages,F,428,
Northern Tutchone,F,429,
Southern Tutchone,F,430,
"Athabaskan languages, n.i.e.",F,431,
Haida,F,432,
Inuit languages,F,433,
Inuinnaqtun (Inuvialuktun),F,434,
Inuktitut,F,435,
"Inuit languages, n.i.e.",F,436,
Iroquoian languages,F,437,
Cayuga,F,438,
Mohawk,F,439,
Oneida,F,440,
"Iroquoian languages, n.i.e.",F,441,
Kutenai,F,442,
Michif,F,443,
Salish languages,F,444,
Comox,F,445,
Halkomelem,F,446,
Lillooet,F,447,
Okanagan,F,448,
Shuswap (Secwepemctsin),F,449,
Squamish,F,450,
Straits,F,451,
Thompson (Ntlakapamux),F,452,
"Salish languages, n.i.e.",F,453,
Siouan languages,F,454,
Dakota,F,455,
Stoney,F,456,
"Siouan languages, n.i.e.",F,457,
Tlingit,F,458,
Tsimshian languages,F,459,
Gitxsan (Gitksan),F,460,
Nisga'a,F,461,
Tsimshian,F,462,
Wakashan languages,F,463,
Haisla,F,464,
Heiltsuk,F,465,
Kwakiutl (Kwak'wala),F,466,
Nuu-chah-nulth (Nootka),F,467,
"Wakashan languages, n.i.e.",F,468,
"Aboriginal languages, n.o.s.",F,469,
Non-Aboriginal languages,F,470,
Afro-Asiatic languages,F,471,
Berber languages,F,472,
Kabyle,F,473,
"Berber languages, n.i.e.",F,474,
Cushitic languages,F,475,
Bilen,F,476,
Oromo,F,477,
Somali,F,478,
"Cushitic languages, n.i.e.",F,479,
Semitic languages,F,480,
Amharic,F,481,
Arabic,F,482,
Assyrian Neo-Aramaic,F,483,
Chaldean Neo-Aramaic,F,484,
Harari,F,485,
Hebrew,F,486,
Maltese,F,487,
Tigrigna,F,488,
"Semitic languages, n.i.e.",F,489,
"Afro-Asiatic languages, n.i.e.",F,490,
Austro-Asiatic languages,F,491,
Khmer (Cambodian),F,492,
Vietnamese,F,493,
"Austro-Asiatic languages, n.i.e",F,494,
Austronesian languages,F,495,
Bikol,F,496,
Cebuano,F,497,
Fijian,F,498,
Hiligaynon,F,499,
Ilocano,F,500,
Malagasy,F,501,
Malay,F,502,
"Pampangan (Kapampangan, Pampango)",F,503,
Pangasinan,F,504,
"Tagalog (Pilipino, Filipino)",F,505,
Waray-Waray,F,506,
"Austronesian languages, n.i.e.",F,507,
Creole languages,F,508,
Haitian Creole,F,509,
"Creole, n.o.s.",F,510,
"Creole languages, n.i.e.",F,511,
Dravidian languages,F,512,
Kannada,F,513,
Malayalam,F,514,
Tamil,F,515,
Telugu,F,516,
"Dravidian languages, n.i.e.",F,517,
Hmong-Mien languages,F,518,
Indo-European languages,F,519,
Albanian,F,520,
Armenian,F,521,
Balto-Slavic languages,F,522,
Baltic languages,F,523,
Latvian,F,524,
Lithuanian,F,525,
Slavic languages,F,526,
Belarusan,F,527,
Bosnian,F,528,
Bulgarian,F,529,
Croatian,F,530,
Czech,F,531,
Macedonian,F,532,
Polish,F,533,
Russian,F,534,
Serbian,F,535,
Serbo-Croatian,F,536,
Slovak,F,537,
Slovene (Slovenian),F,538,
Ukrainian,F,539,
"Slavic languages, n.i.e.",F,540,
Celtic languages,F,541,
Scottish Gaelic,F,542,
Welsh,F,543,
"Celtic languages, n.i.e.",F,544,
Germanic languages,F,545,
Afrikaans,F,546,
Danish,F,547,
Dutch,F,548,
Frisian,F,549,
German,F,550,
Icelandic,F,551,
Norwegian,F,552,
Swedish,F,553,
Vlaams (Flemish),F,554,
Yiddish,F,555,
"Germanic languages, n.i.e.",F,556,
Greek,F,557,
Indo-Iranian languages,F,558,
Indo-Aryan languages,F,559,
Bengali,F,560,
Gujarati,F,561,
Hindi,F,562,
Kashmiri,F,563,
Konkani,F,564,
Marathi,F,565,
Nepali,F,566,
Oriya (Odia),F,567,
Punjabi (Panjabi),F,568,
Sindhi,F,569,
Sinhala (Sinhalese),F,570,
Urdu,F,571,
Iranian languages,F,572,
Kurdish,F,573,
Pashto,F,574,
Persian (Farsi),F,575,
"Indo-Iranian languages, n.i.e.",F,576,
Italic (Romance) languages,F,577,
Catalan,F,578,
Italian,F,579,
Portuguese,F,580,
Romanian,F,581,
Spanish,F,582,
"Italic (Romance) languages, n.i.e.",F,583,
Japanese,F,584,
Kartvelian languages,F,585,
Georgian,F,586,
Korean,F,587,
Mongolic languages,F,588,
Mongolian,F,589,
Niger-Congo languages,F,590,
Akan (Twi),F,591,
Bamanankan,F,592,
Edo,F,593,
Ewe,F,594,
"Fulah (Pular, Pulaar, Fulfulde)",F,595,
Ga,F,596,
Ganda,F,597,
Igbo,F,598,
Lingala,F,599,
Rundi (Kirundi),F,600,
Kinyarwanda (Rwanda),F,601,
Shona,F,602,
Swahili,F,603,
Wolof,F,604,
Yoruba,F,605,
"Niger-Congo languages, n.i.e.",F,606,
Nilo-Saharan languages,F,607,
Dinka,F,608,
"Nilo-Saharan languages, n.i.e.",F,609,
Sign languages,F,610,
American Sign Language,F,611,
Quebec Sign Language,F,612,
"Sign languages, n.i.e",F,613,
Sino-Tibetan languages,F,614,
Chinese languages,F,615,
Cantonese,F,616,
Hakka,F,617,
Mandarin,F,618,
Min Dong,F,619,
"Min Nan (Chaochow, Teochow, Fukien, Taiwanese)",F,620,
Wu (Shanghainese),F,621,
"Chinese, n.o.s.",F,622,
"Chinese languages, n.i.e.",F,623,
Tibeto-Burman languages,F,624,
Burmese,F,625,
Karenic languages,F,626,
Tibetan,F,627,
"Tibeto-Burman languages, n.i.e.",F,628,
Tai-Kadai languages,F,629,
Lao,F,630,
Thai,F,631,
"Tai-Kadai languages, n.i.e",F,632,
Turkic languages,F,633,
Azerbaijani,F,634,
Turkish,F,635,
Uyghur,F,636,
Uzbek,F,637,
"Turkic languages, n.i.e.",F,638,
Uralic languages,F,639,
Estonian,F,640,
Finnish,F,641,
Hungarian,F,642,
"Uralic languages, n.i.e.",F,643,
"Other languages, n.i.e.",F,644,
Multiple responses,F,645,
English and French,F,646,
English and non-official language,F,647,
French and non-official language,F,648,
"English, French and non-official language",F,649,
Other language spoken regularly at homeUpdate of the 2016 Census language data,F,,
Total - Other language(s) spoken regularly at home for the total population excluding institutional residents - 100% dataCensus data footnote20,F,650,
None,F,651,
English,F,652,
French,F,653,
Non-official language,F,654,
Aboriginal,F,655,
Non-Aboriginal,F,656,
English and French,F,657,
English and non-official language,F,658,
French and non-official language,F,659,
"English, French and non-official language",F,660,
Income of individuals in 2015,T,,
Total - Income statistics in 2015 for the population aged 15 years and over in private households - 100% dataCensus data footnote21,F,661,
Number of total income recipients aged 15 years and over in private households - 100% data,T,662,
Median total income in 2015 among recipients ($),T,663,Median total income in 2015 among recipients aged 15 years and over in private households ($)
Number of after-tax income recipients aged 15 years and over in private households - 100% data,T,664,
Median after-tax income in 2015 among recipients ($),T,665,Median after-tax income in 2015 among recipients aged 15 years and older in private households ($)
Number of market income recipients aged 15 years and over in private households - 100% data,T,666,
Median market income in 2015 among recipients ($),T,667,Median market income in 2015 among recipients aged 15 years and older in private households ($)
Number of government transfers recipients aged 15 years and over in private households - 100% data,T,668,
Median government transfers in 2015 among recipients ($),T,669,Median government transfers in 2015 among recipients aged 15 years and older in private households ($)
Number of employment income recipients aged 15 years and over in private households - 100% data,T,670,
Median employment income in 2015 among recipients ($),T,671,Median employment income in 2015 among recipients aged 15 years and older in private households ($)
Total - Income statistics in 2015 for the population aged 15 years and over in private households - 25% sample dataCensus data footnote22,F,672,
Number of total income recipients aged 15 years and over in private households - 25% sample data,T,673,
Average total income in 2015 among recipients ($),T,674,Average total income in 2015 for recipients aged 15 years and older in private households ($)
Number of after-tax income recipients aged 15 years and over in private households - 25% sample data,T,675,
Average after-tax income in 2015 among recipients ($),T,676,Average after-tax income in 2015 for recipients aged 15 years and older in private households ($)
Number of market income recipients aged 15 years and over in private households - 25% sample data,T,677,
Average market income in 2015 among recipients ($),T,678,Average market income in 2015 among recipients aged 15 years and older in private households ($)
Number of government transfers recipients aged 15 years and over in private households - 25% sample data,T,679,
Average government transfers in 2015 among recipients ($),T,680,Average government transfers in 2015 among recipients aged 15 years and older in private households ($)
Number of employment income recipients aged 15 years and over in private households - 25% sample data,T,681,
Average employment income in 2015 among recipients ($),T,682,Average employment income in 2015 among recipients aged 15 years and older in private households ($)
Total - Employment income statistics for the population aged 15 years and over in private households - 25% sample dataCensus data footnote23,F,683,
Number of employment income recipients aged 15 years and over in private households who worked full year full time in 2015 - 25% sample dataCensus data footnote24,F,684,
Median employment income in 2015 for full-year full-time workers ($)Census data footnote25,T,685,
Average employment income in 2015 for full-year full-time workers ($)Census data footnote26,T,686,
Composition of total income in 2015 of the population aged 15 years and over in private households (%) - 100% dataCensus data footnote27,F,687,
Market income (%)Census data footnote28,T,688,
Employment income (%)Census data footnote29,T,689,
Government transfers (%)Census data footnote30,T,690,
Total - Total income groups in 2015 for the population aged 15 years and over in private households - 100% dataCensus data footnote31,F,691,
Without total income,T,692,
With total income,T,693,
Percentage with total income,T,694,
"Under $10,000 (including loss)",T,695,"Total income under $10,000 (including loss)"
"$10,000 to $19,999",T,696,"Total income from $10,000 to $19,999"
"$20,000 to $29,999",T,697,"Total income from $20,000 to $29,999"
"$30,000 to $39,999",T,698,"Total income from $30,000 to $39,999"
"$40,000 to $49,999",T,699,"Total income from $ 40,000 to $49,999"
"$50,000 to $59,999",T,700,"Total income from $50,000 to $59,999"
"$60,000 to $69,999",T,701,"Total income from $60,000 to $69,999"
"$70,000 to $79,999",T,702,"Total income from $70,000 to $79,999"
"$80,000 to $89,999",T,703,"Total income from $80,000 to $89,999"
"$90,000 to $99,999",T,704,"Total income from $90,000 to $99,999"
"$100,000 and over",F,705,
"$100,000 to $149,999",T,706,"Total income from $100,000 to $149,999"
"$150,000 and over",T,707,"Total income $150,000 and over"
Total - After-tax income groups in 2015 for the population aged 15 years and over in private households - 100% dataCensus data footnote32,F,708,
Without after-tax income,T,709,
With after-tax income,T,710,
Percentage with after-tax income,T,711,
"Under $10,000 (including loss)",T,712,"After-tax income under $10,000 (including loss)"
"$10,000 to $19,999",T,713,"After-tax income from $10,000 to $19,999"
"$20,000 to $29,999",T,714,"After-tax income from $20,000 to $29,999"
"$30,000 to $39,999",T,715,"After-tax income from $30,000 to $39,999"
"$40,000 to $49,999",T,716,"After-tax income from $40,000 to $49,999"
"$50,000 to $59,999",T,717,"After-tax income from $50,000 to $59,999"
"$60,000 to $69,999",T,718,"After-tax income from $60,000 to $69,999"
"$70,000 to $79,999",T,719,"After-tax income from $70,000 to $79,999"
"$80,000 and over",F,720,
"$80,000 to $89,999",T,721,"After-tax income from $80,000 to $89,999"
"$90,000 to $99,999",T,722,"After-tax income from $90,000 to $99,999"
"$100,000 and over",T,723,"After-tax income $100,000 and over"
Total - Employment income groups in 2015 for the population aged 15 years and over in private households - 100% dataCensus data footnote33,F,724,
Without employment income,T,725,
With employment income,T,726,
Percentage with employment income,T,727,
"Under $5,000 (including loss)",T,728,"Employment income under $5,000 (including loss)"
"$5,000 to $9,999",T,729,"Employment income from $5,000 to $9,999"
"$10,000 to $19,999",T,730,"Employment income from $10,000 to $19,999"
"$20,000 to $29,999",T,731,"Employment income from $20,000 to $29,999"
"$30,000 to $39,999",T,732,"Employment income from $30,000 to $39,999"
"$40,000 to $49,999",T,733,"Employment income from $40,000 to $49,999"
"$50,000 to $59,999",T,734,"Employment income from $50,000 to $59,999"
"$60,000 to $69,999",T,735,"Employment income from $60,000 to $69,999"
"$70,000 to $79,999",T,736,"Employment income from $70,000 to $79,999"
"$80,000 and over",F,737,
"$80,000 to $89,999",T,738,"Employment income from $80,000 to $89,999"
"$90,000 to $99,999",T,739,"Employment income from $90,000 to $99,999"
"$100,000 and over",T,740,"Employment income $100,000 and over"
Income of households in 2015,T,,
Total - Income statistics in 2015 for private households by household size - 100% dataCensus data footnote34,F,741,
Median total income of households in 2015 ($),T,742,
Median after-tax income of households in 2015 ($),T,743,
Total - Income statistics in 2015 for one-person private households - 100% data,F,744,
Median total income of one-person households in 2015 ($),T,745,
Median after-tax income of one-person households in 2015 ($),T,746,
Total - Income statistics in 2015 for two-or-more-person private households - 100% data,F,747,
Median total income of two-or-more-person households in 2015 ($),T,748,
Median after-tax income of two-or-more-person households in 2015 ($),T,749,
Total - Income statistics in 2015 for private households by household size - 25% sample dataCensus data footnote35,F,750,
Average total income of households in 2015 ($),T,751,
Average after-tax income of households in 2015 ($),T,752,
Total - Income statistics in 2015 for one-person private households - 25% sample data,F,753,
Average total income of one-person households in 2015 ($),T,754,
Average after-tax income of one-person households in 2015 ($),T,755,
Total - Income statistics in 2015 for two-or-more-person private households - 25% sample data,F,756,
Average total income of two-or-more-person households in 2015 ($),T,757,
Average after-tax income of two-or-more-person households in 2015 ($),T,758,
Total - Household total income groups in 2015 for private households - 100% dataCensus data footnote36,F,759,
"Under $5,000",T,760,"Total income under $5,000"
"$5,000 to $9,999",T,761,"Total income from $5,000 to $9,999"
"$10,000 to $14,999",T,762,"Total income from $10,000 to $14,999"
"$15,000 to $19,999",T,763,"Total income from $15,000 to $19,999"
"$20,000 to $24,999",T,764,"Total income from $20,000 to $24,999"
"$25,000 to $29,999",T,765,"Total income from $25,000 to $29,999"
"$30,000 to $34,999",T,766,"Total income from $30,000 to $34,999"
"$35,000 to $39,999",T,767,"Total income from $35,000 to $39,999"
"$40,000 to $44,999",T,768,"Total income from $40,000 to $44,999"
"$45,000 to $49,999",T,769,"Total income from $45,000 to $49,999"
"$50,000 to $59,999",T,770,"Total income from $50,000 to $59,999"
"$60,000 to $69,999",T,771,"Total income from $60,000 to $69,999"
"$70,000 to $79,999",T,772,"Total income from $70,000 to $79,999"
"$80,000 to $89,999",T,773,"Total income from $80,000 to $89,999"
"$90,000 to $99,999",T,774,"Total income from $90,000 to $99,999"
"$100,000 and over",F,775,
"$100,000 to $124,999",T,776,"Total income from $100,000 to $124,999"
"$125,000 to $149,999",T,777,"Total income from $125,000 to $149,999"
"$150,000 to $199,999",T,778,"Total income from $150,000 to $199,999"
"$200,000 and over",T,779,"Total income $150,000 and over"
Total - Household after-tax income groups in 2015 for private households - 100% dataCensus data footnote32,F,780,
"Under $5,000",T,781,"After-tax income under $5,000"
"$5,000 to $9,999",T,782,"After-tax income from $5,000 to $9,999"
"$10,000 to $14,999",T,783,"After-tax income from $10,000 to $14,999"
"$15,000 to $19,999",T,784,"After-tax income from $15,000 to $19,999"
"$20,000 to $24,999",T,785,"After-tax income from $20,000 to $24,999"
"$25,000 to $29,999",T,786,"After-tax income from $25,000 to $29,999"
"$30,000 to $34,999",T,787,"After-tax income from $30,000 to $34,999"
"$35,000 to $39,999",T,788,"After-tax income from $35,000 to $39,999"
"$40,000 to $44,999",T,789,"After-tax income from $40,000 to $44,999"
"$45,000 to $49,999",T,790,"After-tax income from $45,000 to $49,999"
"$50,000 to $59,999",T,791,"After-tax income from $50,000 to $59,999"
"$60,000 to $69,999",T,792,"After-tax income from $60,000 to $69,999"
"$70,000 to $79,999",T,793,"After-tax income from $70,000 to $79,999"
"$80,000 to $89,999",T,794,"After-tax income from $80,000 to $89,999"
"$90,000 to $99,999",T,795,"After-tax income from $90,000 to $99,999"
"$100,000 and over",F,796,
"$100,000 to $124,999",T,797,"After-tax income from $100,000 to $124,999"
"$125,000 to $149,999",T,798,"After-tax income from $125,000 to $149,999"
"$150,000 and over",T,799,"After-tax income $150,000 and over"
Income of economic families in 2015,T,,
Total - Income statistics in 2015 for economic families in private households - 100% dataCensus data footnote37,F,800,
Median total income of economic families in 2015 ($),T,801,
Median after-tax income of economic families in 2015 ($),T,802,
Average family size of economic families,T,803,
Total - Income statistics in 2015 for couple economic families without children or other relatives in private households - 100% data,F,804,
Median total income of couple economic families without children or other relatives in 2015 ($),T,805,
Median after-tax income of couple economic families without children or other relatives in 2015 ($),T,806,
Average family size of couple economic families without children or other relatives,T,807,
Total - Income statistics in 2015 for couple economic families with children in private households - 100% data,F,808,
Median total income of couple economic families with children in 2015 ($),T,809,
Median after-tax income of couple economic families with children in 2015 ($),T,810,
Average family size of couple economic families with children,T,811,
Total - Income statistics in 2015 for lone-parent economic families in private households - 100% data,F,812,
Median total income of lone-parent economic families in 2015 ($),T,813,
Median after-tax income of lone-parent economic families in 2015 ($),T,814,
Average family size of lone-parent economic families,T,815,
Total - Income statistics in 2015 for economic families in private households - 25% sample dataCensus data footnote38,F,816,
Average total income of economic families in 2015 ($),T,817,
Average after-tax income of economic families in 2015 ($),T,818,
Total - Income statistics in 2015 for couple economic families without children or other relatives in private households - 25% sample data,F,819,
Average total income of couple economic families without children or other relatives in 2015 ($),T,820,
Average after-tax income of couple economic families without children or other relatives in 2015 ($),T,821,
Total - Income statistics in 2015 for couple economic families with children in private households - 25% sample data,F,822,
Average total income of couple economic families with children in 2015 ($),T,823,
Average after-tax income of couple economic families with children in 2015 ($),T,824,
Total - Income statistics in 2015 for lone-parent economic families in private households - 25% sample data,F,825,
Average total income of lone-parent economic families in 2015 ($),T,826,
Average after-tax income of lone-parent economic families in 2015 ($),T,827,
Total - Income statistics in 2015 for persons aged 15 years and over not in economic families in private households - 100% dataCensus data footnote21,F,828,
Median total income in 2015 for persons aged 15 years and over not in economic families ($)Census data footnote39,T,829,
Median after-tax income in 2015 for persons aged 15 years and over not in economic families ($)Census data footnote39,T,830,
Total - Income statistics in 2015 for persons aged 15 years and over not in economic families in private households - 25% sample dataCensus data footnote40,F,831,
Average total income in 2015 for persons aged 15 years and over not in economic families ($)Census data footnote41,T,832,
Average after-tax income in 2015 for persons aged 15 years and over not in economic families ($)Census data footnote41,T,833,
Total - Economic family income decile group for the population in private households - 100% dataCensus data footnote42,F,834,
In the bottom half of the distribution,F,835,
In the bottom decile,T,836,In the bottom decile of economic family income for the population in private households
In the second decile,T,837,In the second decile of economic family income for the population in private households
In the third decile,T,838,In the third decile of economic family income for the population in private households
In the fourth decile,T,839,In the fourth decile of economic family income for the population in private households
In the fifth decile,T,840,In the fifth decile of economic family income for the population in private households
In the top half of the distribution,F,841,
In the sixth decile,T,842,In the sixth decile of economic family income for the population in private households
In the seventh decile,T,843,In the seventh decile of economic family income for the population in private households
In the eighth decile,T,844,In the eighth decile of economic family income for the population in private households
In the ninth decile,T,845,In the ninth decile of economic family income for the population in private households
In the top decile,T,846,In the top decile of economic family income for the population in private households
Low income in 2015,,,
Total - Low-income status in 2015 for the population in private households to whom low-income concepts are applicable - 100% dataCensus data footnote43,F,847,
0 to 17 years,T,848,Low-income status in 2015 for the population in private households to whom low-income concepts are applicable - 0 to 17 years
0 to 5 years,F,849,
18 to 64 years,T,850,Low-income status in 2015 for the population in private households to whom low-income concepts are applicable - 18 to 64 years
65 years and over,T,851,Low-income status in 2015 for the population in private households to whom low-income concepts are applicable - 65 years and older
"In low income based on the Low-income measure, after tax (LIM-AT)",F,852,
0 to 17 years,T,853,"In low income based on the Low-income measure, after tax (LIM-AT) - 0 to 17 years"
0 to 5 years,F,854,
18 to 64 years,T,855,"In low income based on the Low-income measure, after tax (LIM-AT) - 18 to 64 years"
65 years and over,T,856,"In low income based on the Low-income measure, after tax (LIM-AT) - 65 years and older"
"Prevalence of low income based on the Low-income measure, after tax (LIM-AT) (%)",F,857,
0 to 17 years (%),T,858,"Prevalence of low income based on the Low-income measure, after tax (LIM-AT) - 0 to 17 years (%)"
0 to 5 years (%),F,859,
18 to 64 years (%),T,860,"Prevalence of low income based on the Low-income measure, after tax (LIM-AT) - 18 to 64 years (%)"
65 years and over (%),T,861,"Prevalence of low income based on the Low-income measure, after tax (LIM-AT) - 65 years and older (%)"
"In low income based on the Low-income cut-offs, after tax (LICO-AT)",F,862,
0 to 17 years,T,863,"In low income based on the Low-income cut-offs, after tax (LICO-AT) - 0 to 17 years"
0 to 5 years,F,864,
18 to 64 years,T,865,"In low income based on the Low-income cut-offs, after tax (LICO-AT) - 18 to 64 years"
65 years and over,T,866,"In low income based on the Low-income cut-offs, after tax (LICO-AT) - 65 years and over"
"Prevalence of low income based on the Low-income cut-offs, after tax (LICO-AT) (%)",F,867,
0 to 17 years (%),T,868,"Prevalence of low income based on the Low-income cut-offs, after tax (LICO-AT) - 0 to 17 years (%)"
0 to 5 years (%),F,869,
18 to 64 years (%),T,870,"Prevalence of low income based on the Low-income cut-offs, after tax (LICO-AT) - 18 to 64 years (%)"
65 years and over (%),T,871,"Prevalence of low income based on the Low-income cut-offs, after tax (LICO-AT) - 65 years and over (%)"
Knowledge of languagesUpdate of the 2016 Census language data,F,,
Total - Knowledge of languages for the population in private households - 25% sample dataCensus data footnote44,F,872,
Official languages,F,873,
English,F,874,
French,F,875,
Non-official languages,F,876,
Aboriginal languages,F,877,
Algonquian languages,F,878,
Blackfoot,F,879,
Cree-Montagnais languages,F,880,
Atikamekw,F,881,
Montagnais (Innu),F,882,
Moose Cree,F,883,
Naskapi,F,884,
Northern East Cree,F,885,
Plains Cree,F,886,
Southern East Cree,F,887,
Swampy Cree,F,888,
Woods Cree,F,889,
"Cree, n.o.s.",F,890,
Eastern Algonquian languages,F,891,
Malecite,F,892,
Mi'kmaq,F,893,
Ojibway-Potawatomi languages,F,894,
Algonquin,F,895,
Ojibway,F,896,
Oji-Cree,F,897,
Ottawa (Odawa),F,898,
"Algonquian languages, n.i.e.",F,899,
Athabaskan languages,F,900,
Northern Athabaskan languages,F,901,
Babine (Wetsuwet'en),F,902,
Beaver,F,903,
Carrier,F,904,
Chilcotin,F,905,
Dene,F,906,
Dogrib (Tlicho),F,907,
Gwich'in,F,908,
Sarsi (Sarcee),F,909,
Sekani,F,910,
Slavey-Hare languages,F,911,
North Slavey (Hare),F,912,
South Slavey,F,913,
"Slavey, n.o.s.",F,914,
Tahltan languages,F,915,
Kaska (Nahani),F,916,
Tahltan,F,917,
Tutchone languages,F,918,
Northern Tutchone,F,919,
Southern Tutchone,F,920,
"Athabaskan languages, n.i.e.",F,921,
Haida,F,922,
Inuit languages,F,923,
Inuinnaqtun (Inuvialuktun),F,924,
Inuktitut,F,925,
"Inuit languages, n.i.e.",F,926,
Iroquoian languages,F,927,
Cayuga,F,928,
Mohawk,F,929,
Oneida,F,930,
"Iroquoian languages, n.i.e.",F,931,
Kutenai,F,932,
Michif,F,933,
Salish languages,F,934,
Comox,F,935,
Halkomelem,F,936,
Lillooet,F,937,
Okanagan,F,938,
Shuswap (Secwepemctsin),F,939,
Squamish,F,940,
Straits,F,941,
Thompson (Ntlakapamux),F,942,
"Salish languages, n.i.e.",F,943,
Siouan languages,F,944,
Dakota,F,945,
Stoney,F,946,
"Siouan languages, n.i.e.",F,947,
Tlingit,F,948,
Tsimshian languages,F,949,
Gitxsan (Gitksan),F,950,
Nisga'a,F,951,
Tsimshian,F,952,
Wakashan languages,F,953,
Haisla,F,954,
Heiltsuk,F,955,
Kwakiutl (Kwak'wala),F,956,
Nuu-chah-nulth (Nootka),F,957,
"Wakashan languages, n.i.e.",F,958,
"Aboriginal languages, n.o.s.",F,959,
Non-Aboriginal languages,F,960,
Afro-Asiatic languages,F,961,
Berber languages,F,962,
Kabyle,F,963,
"Berber languages, n.i.e.",F,964,
Cushitic languages,F,965,
Bilen,F,966,
Oromo,F,967,
Somali,F,968,
"Cushitic languages, n.i.e.",F,969,
Semitic languages,F,970,
Amharic,F,971,
Arabic,F,972,
Assyrian Neo-Aramaic,F,973,
Chaldean Neo-Aramaic,F,974,
Harari,F,975,
Hebrew,F,976,
Maltese,F,977,
Tigrigna,F,978,
"Semitic languages, n.i.e.",F,979,
"Afro-Asiatic languages, n.i.e.",F,980,
Austro-Asiatic languages,F,981,
Khmer (Cambodian),F,982,
Vietnamese,F,983,
"Austro-Asiatic languages, n.i.e.",F,984,
Austronesian languages,F,985,
Bikol,F,986,
Cebuano,F,987,
Fijian,F,988,
Hiligaynon,F,989,
Ilocano,F,990,
Malagasy,F,991,
Malay,F,992,
"Pampangan (Kapampangan, Pampango)",F,993,
Pangasinan,F,994,
"Tagalog (Pilipino, Filipino)",F,995,
Waray-Waray,F,996,
"Austronesian languages, n.i.e.",F,997,
Creole languages,F,998,
Haitian Creole,F,999,
"Creole, n.o.s.",F,1000,
"Creole languages, n.i.e.",F,1001,
Dravidian languages,F,1002,
Kannada,F,1003,
Malayalam,F,1004,
Tamil,F,1005,
Telugu,F,1006,
"Dravidian languages, n.i.e.",F,1007,
Hmong-Mien languages,F,1008,
Indo-European languages,F,1009,
Albanian,F,1010,
Armenian,F,1011,
Balto-Slavic languages,F,1012,
Baltic languages,F,1013,
Latvian,F,1014,
Lithuanian,F,1015,
Slavic languages,F,1016,
Belarusan,F,1017,
Bosnian,F,1018,
Bulgarian,F,1019,
Croatian,F,1020,
Czech,F,1021,
Macedonian,F,1022,
Polish,F,1023,
Russian,F,1024,
Serbian,F,1025,
Serbo-Croatian,F,1026,
Slovak,F,1027,
Slovene (Slovenian),F,1028,
Ukrainian,F,1029,
"Slavic languages, n.i.e.",F,1030,
Celtic languages,F,1031,
Scottish Gaelic,F,1032,
Welsh,F,1033,
"Celtic languages, n.i.e.",F,1034,
Germanic languages,F,1035,
Afrikaans,F,1036,
Danish,F,1037,
Dutch,F,1038,
Frisian,F,1039,
German,F,1040,
Icelandic,F,1041,
Norwegian,F,1042,
Swedish,F,1043,
Vlaams (Flemish),F,1044,
Yiddish,F,1045,
"Germanic languages, n.i.e.",F,1046,
Greek,F,1047,
Indo-Iranian languages,F,1048,
Indo-Aryan languages,F,1049,
Bengali,F,1050,
Gujarati,F,1051,
Hindi,F,1052,
Kashmiri,F,1053,
Konkani,F,1054,
Marathi,F,1055,
Nepali,F,1056,
Oriya (Odia),F,1057,
Punjabi (Panjabi),F,1058,
Sindhi,F,1059,
Sinhala (Sinhalese),F,1060,
Urdu,F,1061,
Iranian languages,F,1062,
Kurdish,F,1063,
Pashto,F,1064,
Persian (Farsi),F,1065,
"Indo-Iranian languages, n.i.e.",F,1066,
Italic (Romance) languages,F,1067,
Catalan,F,1068,
Italian,F,1069,
Portuguese,F,1070,
Romanian,F,1071,
Spanish,F,1072,
"Italic (Romance) languages, n.i.e.",F,1073,
Japanese,F,1074,
Kartvelian languages,F,1075,
Georgian,F,1076,
Korean,F,1077,
Mongolic languages,F,1078,
Mongolian,F,1079,
Niger-Congo languages,F,1080,
Akan (Twi),F,1081,
Bamanankan,F,1082,
Edo,F,1083,
Ewe,F,1084,
"Fulah (Pular, Pulaar, Fulfulde)",F,1085,
Ga,F,1086,
Ganda,F,1087,
Igbo,F,1088,
Lingala,F,1089,
Rundi (Kirundi),F,1090,
Kinyarwanda (Rwanda),F,1091,
Shona,F,1092,
Swahili,F,1093,
Wolof,F,1094,
Yoruba,F,1095,
"Niger-Congo languages, n.i.e.",F,1096,
Nilo-Saharan languages,F,1097,
Dinka,F,1098,
"Nilo-Saharan languages, n.i.e.",F,1099,
Sign languages,F,1100,
American Sign Language,F,1101,
Quebec Sign Language,F,1102,
"Sign languages, n.i.e.",F,1103,
Sino-Tibetan languages,F,1104,
Chinese languages,F,1105,
Cantonese,F,1106,
Hakka,F,1107,
Mandarin,F,1108,
Min Dong,F,1109,
"Min Nan (Chaochow, Teochow, Fukien, Taiwanese)",F,1110,
Wu (Shanghainese),F,1111,
"Chinese, n.o.s.",F,1112,
"Chinese languages, n.i.e.",F,1113,
Tibeto-Burman languages,F,1114,
Burmese,F,1115,
Karenic languages,F,1116,
Tibetan,F,1117,
"Tibeto-Burman languages, n.i.e.",F,1118,
Tai-Kadai languages,F,1119,
Lao,F,1120,
Thai,F,1121,
"Tai-Kadai languages, n.i.e.",F,1122,
Turkic languages,F,1123,
Azerbaijani,F,1124,
Turkish,F,1125,
Uyghur,F,1126,
Uzbek,F,1127,
"Turkic languages, n.i.e.",F,1128,
Uralic languages,F,1129,
Estonian,F,1130,
Finnish,F,1131,
Hungarian,F,1132,
"Uralic languages, n.i.e.",F,1133,
"Other languages, n.i.e.",F,1134,
Citizenship,T,,
Total - Citizenship for the population in private households - 25% sample dataCensus data footnote45,F,1135,
Canadian citizensCensus data footnote46,F,1136,
Canadian citizens aged under 18,T,1137,
Canadian citizens aged 18 and over,T,1138,
Not Canadian citizensCensus data footnote47,T,1139,
Immigrant status and period of immigration,T,,
Total - Immigrant status and period of immigration for the population in private households - 25% sample dataCensus data footnote48,F,1140,
Non-immigrantsCensus data footnote49,T,1141,
ImmigrantsCensus data footnote50,F,1142,
Before 1981,T,1143,Immigrated before 1981
1981 to 1990,T,1144,Immigrated between 1981 and 1990
1991 to 2000,T,1145,Immigrated between 1991 and 2000
2001 to 2010,F,1146,
2001 to 2005,T,1147,Immigrated between 2001 and 2005
2006 to 2010,T,1148,Immigrated between 2006 and 2010
2011 to 2016Census data footnote51,T,1149,Immigrated between 2011 and 2016
Non-permanent residentsCensus data footnote52,T,1150,
Age at immigration,T,,
Total - Age at immigration for the immigrant population in private households - 25% sample dataCensus data footnote53,F,1151,
Under 5 years,T,1152,
5 to 14 years,T,1153,
15 to 24 years,T,1154,
25 to 44 years,T,1155,
45 years and over,T,1156,
Immigrants by selected place of birthUpdate of the 2016 Census immigration data,T,,
Total - Selected places of birth for the immigrant population in private households - 25% sample dataCensus data footnote54,F,1157,
Americas,T,1158,
Brazil,F,1159,
Colombia,F,1160,
El Salvador,F,1161,
Guyana,F,1162,
Haiti,F,1163,
Jamaica,F,1164,
Mexico,F,1165,
Peru,F,1166,
Trinidad and Tobago,F,1167,
United StatesCensus data footnote55,F,1168,
Other places of birth in Americas,F,1169,
Europe,T,1170,
Bosnia and Herzegovina,F,1171,
Croatia,F,1172,
France,F,1173,
Germany,F,1174,
Greece,F,1175,
Hungary,F,1176,
IrelandCensus data footnote56,F,1177,
Italy,F,1178,
Netherlands,F,1179,
Poland,F,1180,
Portugal,F,1181,
Romania,F,1182,
Russian Federation,F,1183,
SerbiaCensus data footnote57,F,1184,
Ukraine,F,1185,
United KingdomCensus data footnote58,F,1186,
Other places of birth in Europe,F,1187,
Africa,T,1188,
Algeria,F,1189,
Egypt,F,1190,
Ethiopia,F,1191,
Kenya,F,1192,
Morocco,F,1193,
Nigeria,F,1194,
Somalia,F,1195,
"South Africa, Republic of",F,1196,
Other places of birth in Africa,F,1197,
Asia,T,1198,
Afghanistan,F,1199,
Bangladesh,F,1200,
ChinaCensus data footnote59,F,1201,
Hong KongCensus data footnote60,F,1202,
India,F,1203,
IranCensus data footnote61,F,1204,
Iraq,F,1205,
Japan,F,1206,
"Korea, SouthCensus data footnote62",F,1207,
Lebanon,F,1208,
Pakistan,F,1209,
Philippines,F,1210,
Sri Lanka,F,1211,
SyriaCensus data footnote63,F,1212,
Taiwan,F,1213,
Viet Nam,F,1214,
Other places of birth in Asia,F,1215,
Oceania and other places of birthCensus data footnote64,T,1216,
Recent immigrants by selected places of birth,T,,
Total - Selected places of birth for the recent immigrant population in private households - 25% sample dataCensus data footnote54,F,1217,
Americas,T,1218,
Brazil,F,1219,
Colombia,F,1220,
Cuba,F,1221,
Haiti,F,1222,
Jamaica,F,1223,
Mexico,F,1224,
United StatesCensus data footnote55,F,1225,
VenezuelaCensus data footnote65,F,1226,
Other places of birth in Americas,F,1227,
Europe,T,1228,
France,F,1229,
Germany,F,1230,
IrelandCensus data footnote56,F,1231,
MoldovaCensus data footnote66,F,1232,
Romania,F,1233,
Russian Federation,F,1234,
Ukraine,F,1235,
United KingdomCensus data footnote58,F,1236,
Other places of birth in Europe,F,1237,
Africa,T,1238,
Algeria,F,1239,
Cameroon,F,1240,
"Congo, Democratic Republic of the",F,1241,
Côte d'Ivoire,F,1242,
Egypt,F,1243,
Eritrea,F,1244,
Ethiopia,F,1245,
Morocco,F,1246,
Nigeria,F,1247,
Somalia,F,1248,
"South Africa, Republic of",F,1249,
Tunisia,F,1250,
Other places of birth in Africa,F,1251,
Asia,T,1252,
Afghanistan,F,1253,
Bangladesh,F,1254,
ChinaCensus data footnote59,F,1255,
Hong KongCensus data footnote60,F,1256,
India,F,1257,
IranCensus data footnote61,F,1258,
Iraq,F,1259,
Israel,F,1260,
Japan,F,1261,
"Korea, SouthCensus data footnote62",F,1262,
Lebanon,F,1263,
Nepal,F,1264,
Pakistan,F,1265,
Philippines,F,1266,
Saudi Arabia,F,1267,
Sri Lanka,F,1268,
SyriaCensus data footnote63,F,1269,
Taiwan,F,1270,
Turkey,F,1271,
United Arab Emirates,F,1272,
Viet Nam,F,1273,
Other places of birth in Asia,F,1274,
Oceania and otherCensus data footnote64,T,1275,
Australia,F,1276,
Other places of birthCensus data footnote67,F,1277,
Generation status,T,,
Total - Generation status for the population in private households - 25% sample dataCensus data footnote68,F,1278,
First generationCensus data footnote69,T,1279,
Second generationCensus data footnote70,T,1280,
Third generation or moreCensus data footnote71,T,1281,
Admission category and applicant type,T,,
Total - Admission category and applicant type for the immigrant population in private households who landed between 1980 and 2016 - 25% sample dataCensus data footnote72,F,1282,
Economic immigrantsCensus data footnote73,F,1283,
Principal applicantsCensus data footnote74,T,1284,
Secondary applicantsCensus data footnote75,T,1285,
Immigrants sponsored by familyCensus data footnote76,T,1286,
RefugeesCensus data footnote77,T,1287,
Other immigrantsCensus data footnote78,T,1288,
Aboriginal population,T,,
Total - Aboriginal identity for the population in private households - 25% sample dataCensus data footnote79,F,1289,
Aboriginal identityCensus data footnote80,F,1290,
Single Aboriginal responsesCensus data footnote81,F,1291,
First Nations (North American Indian)Census data footnote82,T,1292,
Métis,T,1293,
Inuk (Inuit),T,1294,
Multiple Aboriginal responsesCensus data footnote83,T,1295,
Aboriginal responses not included elsewhereCensus data footnote84,T,1296,
Non-Aboriginal identity,T,1297,
Total - Population by Registered or Treaty Indian status for the population in private households - 25% sample dataCensus data footnote85,F,1298,
Registered or Treaty IndianCensus data footnote86,T,1299,
Not a Registered or Treaty Indian,T,1300,
Total - Aboriginal ancestry for the population in private households - 25% sample dataCensus data footnote87,F,1301,
Aboriginal ancestry (only)Census data footnote88,F,1302,
Single Aboriginal ancestry (only)Census data footnote89,F,1303,
First Nations (North American Indian) single ancestryCensus data footnote82,T,1304,
Métis single ancestry,T,1305,
Inuit single ancestry,T,1306,
Multiple Aboriginal ancestries (only)Census data footnote90,F,1307,
First Nations (North American Indian) and Métis ancestries,T,1308,
First Nations (North American Indian) and Inuit ancestries,T,1309,
Métis and Inuit ancestries,T,1310,
"First Nations (North American Indian), Métis and Inuit ancestries",T,1311,
Aboriginal and non-Aboriginal ancestriesCensus data footnote91,F,1312,
Single Aboriginal and non-Aboriginal ancestriesCensus data footnote92,F,1313,
First Nations (North American Indian) and non-Aboriginal ancestries,T,1314,
Métis and non-Aboriginal ancestries,T,1315,
Inuit and non-Aboriginal ancestries,T,1316,
Multiple Aboriginal and non-Aboriginal ancestriesCensus data footnote93,F,1317,
"First Nations (North American Indian), Métis and non-Aboriginal ancestries",T,1318,
"First Nations (North American Indian), Inuit and non-Aboriginal ancestries",T,1319,
"Métis, Inuit and non-Aboriginal ancestries",T,1320,
"First Nations (North American Indian), Métis, Inuit and non-Aboriginal ancestries",T,1321,
Non-Aboriginal ancestry (only)Census data footnote94,T,1322,
Visible minority population,T,,
Total - Visible minority for the population in private households - 25% sample dataCensus data footnote95,F,1323,
Total visible minority populationCensus data footnote96,F,1324,
South AsianCensus data footnote97,T,1325,
Chinese,T,1326,
Black,T,1327,
Filipino,T,1328,
Latin American,T,1329,
Arab,T,1330,
Southeast AsianCensus data footnote98,T,1331,
West AsianCensus data footnote99,T,1332,
Korean,T,1333,
Japanese,T,1334,
"Visible minority, n.i.e.Census data footnote100",T,1335,
Multiple visible minoritiesCensus data footnote101,T,1336,
Not a visible minorityCensus data footnote102,T,1337,
Ethnic origin populationUpdate of the 2016 Census data on ethnic origin,F,,
Total - Ethnic origin for the population in private households - 25% sample dataCensus data footnote103,F,1338,
North American Aboriginal origins,F,1339,
First Nations (North American Indian),F,1340,
Inuit,F,1341,
Métis,F,1342,
Other North American origins,F,1343,
Acadian,F,1344,
American,F,1345,
Canadian,F,1346,
New Brunswicker,F,1347,
Newfoundlander,F,1348,
Nova Scotian,F,1349,
Ontarian,F,1350,
Québécois,F,1351,
"Other North American origins, n.i.e.Census data footnote104",F,1352,
European origins,F,1353,
British Isles origins,F,1354,
Channel Islander,F,1355,
Cornish,F,1356,
English,F,1357,
Irish,F,1358,
Manx,F,1359,
Scottish,F,1360,
Welsh,F,1361,
"British Isles origins, n.i.e.Census data footnote105",F,1362,
French origins,F,1363,
Alsatian,F,1364,
Breton,F,1365,
Corsican,F,1366,
French,F,1367,
Western European origins (except French origins),F,1368,
Austrian,F,1369,
Bavarian,F,1370,
Belgian,F,1371,
Dutch,F,1372,
Flemish,F,1373,
Frisian,F,1374,
German,F,1375,
Luxembourger,F,1376,
Swiss,F,1377,
"Western European origins, n.i.e.Census data footnote106",F,1378,
Northern European origins (except British Isles origins),F,1379,
Danish,F,1380,
Finnish,F,1381,
Icelandic,F,1382,
Norwegian,F,1383,
Swedish,F,1384,
"Northern European origins, n.i.e.Census data footnote107",F,1385,
Eastern European origins,F,1386,
Bulgarian,F,1387,
Byelorussian,F,1388,
Czech,F,1389,
"Czechoslovakian, n.o.s.Census data footnote108",F,1390,
Estonian,F,1391,
Hungarian,F,1392,
Latvian,F,1393,
Lithuanian,F,1394,
Moldovan,F,1395,
Polish,F,1396,
Romanian,F,1397,
Russian,F,1398,
Slovak,F,1399,
Ukrainian,F,1400,
"Eastern European origins, n.i.e.Census data footnote109",F,1401,
Southern European origins,F,1402,
Albanian,F,1403,
Bosnian,F,1404,
Catalan,F,1405,
Croatian,F,1406,
Cypriot,F,1407,
Greek,F,1408,
Italian,F,1409,
Kosovar,F,1410,
Macedonian,F,1411,
Maltese,F,1412,
Montenegrin,F,1413,
Portuguese,F,1414,
Serbian,F,1415,
Sicilian,F,1416,
Slovenian,F,1417,
Spanish,F,1418,
"Yugoslavian, n.o.s.Census data footnote110",F,1419,
"Southern European origins, n.i.e.Census data footnote111",F,1420,
Other European origins,F,1421,
Basque,F,1422,
Jewish,F,1423,
Roma (Gypsy),F,1424,
"Slavic, n.o.s.Census data footnote112",F,1425,
"Other European origins, n.i.e.Census data footnote113",F,1426,
Caribbean origins,F,1427,
Antiguan,F,1428,
Bahamian,F,1429,
Barbadian,F,1430,
Bermudan,F,1431,
Carib,F,1432,
Cuban,F,1433,
Dominican,F,1434,
Grenadian,F,1435,
Guadeloupean,F,1436,
Haitian,F,1437,
Jamaican,F,1438,
Kittitian/Nevisian,F,1439,
Martinican,F,1440,
Montserratan,F,1441,
Puerto Rican,F,1442,
St. Lucian,F,1443,
Trinidadian/Tobagonian,F,1444,
Vincentian/Grenadinian,F,1445,
"West Indian, n.o.s.Census data footnote114",F,1446,
"Caribbean origins, n.i.e.Census data footnote115",F,1447,
"Latin, Central and South American origins",F,1448,
Aboriginal from Central/South America (except Arawak and Maya),F,1449,
Arawak,F,1450,
Argentinian,F,1451,
Belizean,F,1452,
Bolivian,F,1453,
Brazilian,F,1454,
Chilean,F,1455,
Colombian,F,1456,
Costa Rican,F,1457,
Ecuadorian,F,1458,
Guatemalan,F,1459,
Guyanese,F,1460,
Hispanic,F,1461,
Honduran,F,1462,
Maya,F,1463,
Mexican,F,1464,
Nicaraguan,F,1465,
Panamanian,F,1466,
Paraguayan,F,1467,
Peruvian,F,1468,
Salvadorean,F,1469,
Uruguayan,F,1470,
Venezuelan,F,1471,
"Latin, Central and South American origins, n.i.e.Census data footnote116",F,1472,
African origins,F,1473,
Central and West African origins,F,1474,
Akan,F,1475,
Angolan,F,1476,
Ashanti,F,1477,
Beninese,F,1478,
Burkinabe,F,1479,
Cameroonian,F,1480,
Chadian,F,1481,
Congolese,F,1482,
Edo,F,1483,
Ewe,F,1484,
Gabonese,F,1485,
Gambian,F,1486,
Ghanaian,F,1487,
Guinean,F,1488,
Ibo,F,1489,
Ivorian,F,1490,
Liberian,F,1491,
Malian,F,1492,
Malinké,F,1493,
Nigerian,F,1494,
Peulh,F,1495,
Senegalese,F,1496,
Sierra Leonean,F,1497,
Togolese,F,1498,
Wolof,F,1499,
Yoruba,F,1500,
"Central and West African origins, n.i.e.Census data footnote117",F,1501,
North African origins,F,1502,
Algerian,F,1503,
Berber,F,1504,
Coptic,F,1505,
Dinka,F,1506,
Egyptian,F,1507,
Libyan,F,1508,
Maure,F,1509,
Moroccan,F,1510,
Sudanese,F,1511,
Tunisian,F,1512,
"North African origins, n.i.e.Census data footnote118",F,1513,
Southern and East African origins,F,1514,
Afrikaner,F,1515,
Amhara,F,1516,
"Bantu, n.o.s.Census data footnote119",F,1517,
Burundian,F,1518,
Djiboutian,F,1519,
Eritrean,F,1520,
Ethiopian,F,1521,
Harari,F,1522,
Kenyan,F,1523,
Malagasy,F,1524,
Mauritian,F,1525,
Oromo,F,1526,
Rwandan,F,1527,
Seychellois,F,1528,
Somali,F,1529,
South African,F,1530,
Tanzanian,F,1531,
Tigrian,F,1532,
Ugandan,F,1533,
Zambian,F,1534,
Zimbabwean,F,1535,
Zulu,F,1536,
"Southern and East African origins, n.i.e.Census data footnote120",F,1537,
Other African origins,F,1538,
"Black, n.o.s.Census data footnote121",F,1539,
"Other African origins, n.i.e.Census data footnote122",F,1540,
Asian origins,F,1541,
West Central Asian and Middle Eastern origins,F,1542,
Afghan,F,1543,
"Arab, n.o.s.Census data footnote123",F,1544,
Armenian,F,1545,
Assyrian,F,1546,
Azerbaijani,F,1547,
Georgian,F,1548,
Hazara,F,1549,
Iranian,F,1550,
Iraqi,F,1551,
Israeli,F,1552,
Jordanian,F,1553,
Kazakh,F,1554,
Kurd,F,1555,
Kuwaiti,F,1556,
Kyrgyz,F,1557,
Lebanese,F,1558,
Palestinian,F,1559,
Pashtun,F,1560,
Saudi Arabian,F,1561,
Syrian,F,1562,
Tajik,F,1563,
Tatar,F,1564,
Turk,F,1565,
Turkmen,F,1566,
Uighur,F,1567,
Uzbek,F,1568,
Yemeni,F,1569,
"West Central Asian and Middle Eastern origins, n.i.e.Census data footnote124",F,1570,
South Asian origins,F,1571,
Bangladeshi,F,1572,
Bengali,F,1573,
Bhutanese,F,1574,
East Indian,F,1575,
Goan,F,1576,
Gujarati,F,1577,
Kashmiri,F,1578,
Nepali,F,1579,
Pakistani,F,1580,
Punjabi,F,1581,
Sinhalese,F,1582,
Sri Lankan,F,1583,
Tamil,F,1584,
"South Asian origins, n.i.e.Census data footnote125",F,1585,
East and Southeast Asian origins,F,1586,
Burmese,F,1587,
Cambodian (Khmer),F,1588,
Chinese,F,1589,
Filipino,F,1590,
Hmong,F,1591,
Indonesian,F,1592,
Japanese,F,1593,
Karen,F,1594,
Korean,F,1595,
Laotian,F,1596,
Malaysian,F,1597,
Mongolian,F,1598,
Singaporean,F,1599,
Taiwanese,F,1600,
Thai,F,1601,
Tibetan,F,1602,
Vietnamese,F,1603,
"East and Southeast Asian origins, n.i.e.Census data footnote126",F,1604,
Other Asian origins,F,1605,
"Other Asian origins, n.i.e.Census data footnote127",F,1606,
Oceania origins,F,1607,
Australian,F,1608,
New Zealander,F,1609,
Pacific Islands origins,F,1610,
Fijian,F,1611,
Hawaiian,F,1612,
Maori,F,1613,
"Polynesian, n.o.s.Census data footnote128",F,1614,
Samoan,F,1615,
"Pacific Islands origins, n.i.e.Census data footnote129",F,1616,
Household characteristics,T,,
Total - Private households by tenure - 25% sample dataCensus data footnote130,F,1617,
Owner,T,1618,
Renter,T,1619,
Band housing,T,1620,
Total - Occupied private dwellings by condominium status - 25% sample dataCensus data footnote131,F,1621,
Condominium,T,1622,
Not condominium,T,1623,
Total - Occupied private dwellings by number of bedrooms - 25% sample dataCensus data footnote132,F,1624,
No bedrooms,T,1625,
1 bedroom,T,1626,
2 bedrooms,T,1627,
3 bedrooms,T,1628,
4 or more bedrooms,T,1629,
Total - Occupied private dwellings by number of rooms - 25% sample dataCensus data footnote133,F,1630,
1 to 4 rooms,T,1631,
5 rooms,T,1632,
6 rooms,T,1633,
7 rooms,T,1634,
8 or more rooms,T,1635,
Average number of rooms per dwelling,T,1636,
Total - Private households by number of persons per room - 25% sample dataCensus data footnote134,F,1637,
One person or fewer per room,T,1638,
More than 1 person per room,T,1639,
Total - Private households by housing suitability - 25% sample dataCensus data footnote135,F,1640,
Suitable,T,1641,
Not suitable,T,1642,
Total - Occupied private dwellings by period of construction - 25% sample dataCensus data footnote136,F,1643,
1960 or before,T,1644,Constructed in 1960 or before
1961 to 1980,T,1645,Constructed between 1961 and 1980
1981 to 1990,T,1646,Constructed between 1981 and 1990
1991 to 2000,T,1647,Constructed between 1991 and 2000
2001 to 2005,T,1648,Constructed between 2001 and 2005
2006 to 2010,T,1649,Constructed between 2006 and 2010
2011 to 2016Census data footnote137,T,1650,Constructed between 2011 and 2016
Total - Occupied private dwellings by dwelling condition - 25% sample dataCensus data footnote138,F,1651,
Only regular maintenance or minor repairs needed,T,1652,
Major repairs needed,T,1653,
Total - Private households by number of household maintainers - 25% sample dataCensus data footnote139,F,1654,
1 household maintainer,T,1655,
2 household maintainers,T,1656,
3 or more household maintainers,T,1657,
Total - Private households by age of primary household maintainers - 25% sample dataCensus data footnote140,F,1658,
15 to 24 years,T,1659,Primary household maintainers from 15 to 24 years
25 to 34 years,T,1660,Primary household maintainters from 25 to 34 years
35 to 44 years,T,1661,Primary household maintainers from 35 to 44 years
45 to 54 years,T,1662,Primary household maintainers from 45 to 54 years
55 to 64 years,T,1663,Primary household maintainers from 55 to 64 years
65 to 74 years,T,1664,Primary household maintainers from 65 to 74 years
75 to 84 years,T,1665,Primary household maintainers from 75 to 84 years
85 years and over,T,1666,Primary household maintainers 85 years and older
"Total - Owner and tenant households with household total income greater than zero, in non-farm, non-reserve private dwellings by shelter-cost-to-income ratio - 25% sample dataCensus data footnote141",F,1667,
Spending less than 30% of income on shelter costs,T,1668,
Spending 30% or more of income on shelter costs,T,1669,
30% to less than 100%,T,1670,
"Total - Owner households in non-farm, non-reserve private dwellings - 25% sample data",F,1671,
% of owner households with a mortgageCensus data footnote142,T,1672,
% of owner households spending 30% or more of its income on shelter costsCensus data footnote141,T,1673,
Median monthly shelter costs for owned dwellings ($)Census data footnote143,T,1674,
Average monthly shelter costs for owned dwellings ($)Census data footnote143,T,1675,
Median value of dwellings ($)Census data footnote144,T,1676,
Average value of dwellings ($)Census data footnote144,T,1677,
"Total - Tenant households in non-farm, non-reserve private dwellings - 25% sample data",F,1678,
% of tenant households in subsidized housingCensus data footnote145,T,1679,
% of tenant households spending 30% or more of its income on shelter costsCensus data footnote141,T,1680,
Median monthly shelter costs for rented dwellings ($)Census data footnote143,T,1681,
Average monthly shelter costs for rented dwellings ($)Census data footnote143,T,1682,
"Highest certificate, diploma or degree",T,,
"Total - Highest certificate, diploma or degree for the population aged 15 years and over in private households - 25% sample dataCensus data footnote146",F,1683,
"No certificate, diploma or degree",T,1684,"No certificate, diploma or degree for the population aged 15 years and over in private households"
Secondary (high) school diploma or equivalency certificateCensus data footnote147,T,1685,Secondary (high) school diploma or equivalency certificate for the population aged 15 years and over in private households
"Postsecondary certificate, diploma or degree",T,1686,"Postsecondary certificate, diploma or degree for the population aged 15 years and over in private households"
Apprenticeship or trades certificate or diploma,F,1687,
Trades certificate or diploma other than Certificate of Apprenticeship or Certificate of QualificationCensus data footnote148,F,1688,
Certificate of Apprenticeship or Certificate of QualificationCensus data footnote149,F,1689,
"College, CEGEP or other non-university certificate or diploma",F,1690,
University certificate or diploma below bachelor level,F,1691,
"University certificate, diploma or degree at bachelor level or above",F,1692,
Bachelor's degree,F,1693,
University certificate or diploma above bachelor level,F,1694,
"Degree in medicine, dentistry, veterinary medicine or optometry",F,1695,
Master's degree,F,1696,
Earned doctorateCensus data footnote150,F,1697,
"Total - Highest certificate, diploma or degree for the population aged 25 to 64 years in private households - 25% sample dataCensus data footnote146",F,1698,
"No certificate, diploma or degree",T,1699,"No certificate, diploma or degree for the population aged 25 to 64 years in private households"
Secondary (high) school diploma or equivalency certificateCensus data footnote147,T,1700,Secondary (high) school diploma or equivalency certificate for the population aged 25 to 64 years in private households
"Postsecondary certificate, diploma or degree",T,1701,"Postsecondary certificate, diploma or degree for the population aged 25 to 64 years in private households"
Apprenticeship or trades certificate or diploma,F,1702,
Trades certificate or diploma other than Certificate of Apprenticeship or Certificate of QualificationCensus data footnote148,F,1703,
Certificate of Apprenticeship or Certificate of QualificationCensus data footnote149,F,1704,
"College, CEGEP or other non-university certificate or diploma",F,1705,
University certificate or diploma below bachelor level,F,1706,
"University certificate, diploma or degree at bachelor level or above",F,1707,
Bachelor's degree,F,1708,
University certificate or diploma above bachelor level,F,1709,
"Degree in medicine, dentistry, veterinary medicine or optometry",F,1710,
Master's degree,F,1711,
Earned doctorateCensus data footnote150,F,1712,
Major field of study - Classification of Instructional Programs (CIP) 2016,F,,
Total - Major field of study - Classification of Instructional Programs (CIP) 2016 for the population aged 15 years and over in private households - 25% sample dataCensus data footnote151,F,1713,
"No postsecondary certificate, diploma or degreeCensus data footnote152",F,1714,
Education,F,1715,
13. Education,F,1716,
"Visual and performing arts, and communications technologies",F,1717,
10. Communications technologies/technicians and support services,F,1718,
50. Visual and performing arts,F,1719,
Humanities,F,1720,
"16. Aboriginal and foreign languages, literatures and linguistics",F,1721,
23. English language and literature/letters,F,1722,
"24. Liberal arts and sciences, general studies and humanities",F,1723,
30A Interdisciplinary humanitiesCensus data footnote153,F,1724,
38. Philosophy and religious studies,F,1725,
39. Theology and religious vocations,F,1726,
54. History,F,1727,
55. French language and literature/letters,F,1728,
Social and behavioural sciences and law,F,1729,
"05. Area, ethnic, cultural, gender, and group studies",F,1730,
"09. Communication, journalism and related programs",F,1731,
19. Family and consumer sciences/human sciences,F,1732,
22. Legal professions and studies,F,1733,
30B Interdisciplinary social and behavioural sciencesCensus data footnote154,F,1734,
42. Psychology,F,1735,
45. Social sciences,F,1736,
"Business, management and public administration",F,1737,
30.16 Accounting and computer science,F,1738,
44. Public administration and social service professions,F,1739,
"52. Business, management, marketing and related support services",F,1740,
Physical and life sciences and technologies,F,1741,
26. Biological and biomedical sciences,F,1742,
30.01 Biological and physical sciences,F,1743,
30C Other interdisciplinary physical and life sciencesCensus data footnote155,F,1744,
40. Physical sciences,F,1745,
41. Science technologies/technicians,F,1746,
"Mathematics, computer and information sciences",F,1747,
11. Computer and information sciences and support services,F,1748,
25. Library science,F,1749,
27. Mathematics and statistics,F,1750,
"30D Interdisciplinary mathematics, computer and information sciencesCensus data footnote156",F,1751,
"Architecture, engineering, and related technologies",F,1752,
04. Architecture and related services,F,1753,
14. Engineering,F,1754,
15. Engineering technologies and engineering-related fields,F,1755,
30.12 Historic preservation and conservation,F,1756,
46. Construction trades,F,1757,
47. Mechanic and repair technologies/technicians,F,1758,
48. Precision production,F,1759,
"Agriculture, natural resources and conservation",F,1760,
"01. Agriculture, agriculture operations and related sciences",F,1761,
03. Natural resources and conservation,F,1762,
Health and related fields,F,1763,
"31. Parks, recreation, leisure and fitness studies",F,1764,
51. Health professions and related programs,F,1765,
"60. Dental, medical and veterinary residency programs",F,1766,
"Personal, protective and transportation services",F,1767,
12. Personal and culinary services,F,1768,
"28. Military science, leadership and operational art",F,1769,
29. Military technologies and applied sciences,F,1770,
43. Security and protective services,F,1771,
49. Transportation and materials moving,F,1772,
Other,F,1773,
"30.99 Multidisciplinary/interdisciplinary studies, other",F,1774,
Total - Major field of study - Classification of Instructional Programs (CIP) 2016 for the population aged 25 to 64 years in private households - 25% sample dataCensus data footnote151,F,1775,
"No postsecondary certificate, diploma or degreeCensus data footnote152",F,1776,
Education,F,1777,
13. Education,F,1778,
"Visual and performing arts, and communications technologies",F,1779,
10. Communications technologies/technicians and support services,F,1780,
50. Visual and performing arts,F,1781,
Humanities,F,1782,
"16. Aboriginal and foreign languages, literatures and linguistics",F,1783,
23. English language and literature/letters,F,1784,
"24. Liberal arts and sciences, general studies and humanities",F,1785,
30A Interdisciplinary humanitiesCensus data footnote153,F,1786,
38. Philosophy and religious studies,F,1787,
39. Theology and religious vocations,F,1788,
54. History,F,1789,
55. French language and literature/letters,F,1790,
Social and behavioural sciences and law,F,1791,
"05. Area, ethnic, cultural, gender, and group studies",F,1792,
"09. Communication, journalism and related programs",F,1793,
19. Family and consumer sciences/human sciences,F,1794,
22. Legal professions and studies,F,1795,
30B Interdisciplinary social and behavioural sciencesCensus data footnote154,F,1796,
42. Psychology,F,1797,
45. Social sciences,F,1798,
"Business, management and public administration",F,1799,
30.16 Accounting and computer science,F,1800,
44. Public administration and social service professions,F,1801,
"52. Business, management, marketing and related support services",F,1802,
Physical and life sciences and technologies,F,1803,
26. Biological and biomedical sciences,F,1804,
30.01 Biological and physical sciences,F,1805,
30C Other interdisciplinary physical and life sciencesCensus data footnote155,F,1806,
40. Physical sciences,F,1807,
41. Science technologies/technicians,F,1808,
"Mathematics, computer and information sciences",F,1809,
11. Computer and information sciences and support services,F,1810,
25. Library science,F,1811,
27. Mathematics and statistics,F,1812,
"30D Interdisciplinary mathematics, computer and information sciencesCensus data footnote156",F,1813,
"Architecture, engineering, and related technologies",F,1814,
04. Architecture and related services,F,1815,
14. Engineering,F,1816,
15. Engineering technologies and engineering-related fields,F,1817,
30.12 Historic preservation and conservation,F,1818,
46. Construction trades,F,1819,
47. Mechanic and repair technologies/technicians,F,1820,
48. Precision production,F,1821,
"Agriculture, natural resources and conservation",F,1822,
"01. Agriculture, agriculture operations and related sciences",F,1823,
03. Natural resources and conservation,F,1824,
Health and related fields,F,1825,
"31. Parks, recreation, leisure and fitness studies",F,1826,
51. Health professions and related programs,F,1827,
"60. Dental, medical and veterinary residency programs",F,1828,
"Personal, protective and transportation services",F,1829,
12. Personal and culinary services,F,1830,
"28. Military science, leadership and operational art",F,1831,
29. Military technologies and applied sciences,F,1832,
43. Security and protective services,F,1833,
49. Transportation and materials moving,F,1834,
Other,F,1835,
"30.99 Multidisciplinary/interdisciplinary studies, other",F,1836,
Location of study compared with province or territory of residence with countries outside Canada,F,,
Total - Location of study compared with province or territory of residence with countries outside Canada for the population aged 15 years and over in private households - 25% sample dataCensus data footnote157,F,1837,
"No postsecondary certificate, diploma or degree",F,1838,
"Postsecondary certificate, diploma or degreeCensus data footnote158",F,1839,
Location of study inside Canada,F,1840,
Same as province or territory of residence,F,1841,
Different than province or territory of residence,F,1842,
Location of study outside CanadaCensus data footnote159,F,1843,
United StatesCensus data footnote160,F,1844,
Philippines,F,1845,
India,F,1846,
United KingdomCensus data footnote161,F,1847,
ChinaCensus data footnote162,F,1848,
France,F,1849,
Other,F,1850,
Total - Location of study compared with province or territory of residence with countries outside Canada for the population aged 25 to 64 years in private households - 25% sample dataCensus data footnote157,F,1851,
"No postsecondary certificate, diploma or degree",F,1852,
"Postsecondary certificate, diploma or degreeCensus data footnote158",F,1853,
Location of study inside Canada,F,1854,
Same as province or territory of residence,F,1855,
Different than province or territory of residence,F,1856,
Location of study outside CanadaCensus data footnote159,F,1857,
United StatesCensus data footnote160,F,1858,
Philippines,F,1859,
India,F,1860,
United KingdomCensus data footnote161,F,1861,
ChinaCensus data footnote162,F,1862,
France,F,1863,
Other,F,1864,
Labour force status,T,,
Total - Population aged 15 years and over by Labour force status - 25% sample dataCensus data footnote163,F,1865,
In the labour force,F,1866,
Employed,T,1867,
Unemployed,T,1868,
Not in the labour force,T,1869,
Participation rate,T,1870,
Employment rate,T,1871,
Unemployment rate,T,1872,
Work activity during the reference year,T,,
Total population aged 15 years and over by work activity during the reference year - 25% sample dataCensus data footnote164,F,1873,
Did not workCensus data footnote165,T,1874,
Worked,F,1875,
"Worked full year, full timeCensus data footnote166",T,1876,
Worked part year and/or part timeCensus data footnote167,T,1877,
Average weeks worked in reference year,T,1878,
Class of worker,T,,
Total labour force aged 15 years and over by class of worker - 25% sample dataCensus data footnote168,F,1879,
Class of worker - not applicableCensus data footnote169,T,1880,
All classes of workersCensus data footnote170,F,1881,
Employee,T,1882,
Self-employedCensus data footnote171,T,1883,
Occupation - National Occupational Classification (NOC) 2016,T,,
Total labour force population aged 15 years and over by occupation - National Occupational Classification (NOC) 2016 - 25% sample dataCensus data footnote172,F,1884,
Occupation - not applicableCensus data footnote169,T,1885,
All occupationsCensus data footnote170,F,1886,
0 Management occupations,T,1887,Management Occupations
"1 Business, finance and administration occupations",T,1888,"Business, finance and administration occupations"
2 Natural and applied sciences and related occupations,T,1889,Natural and applied sciences and related occupations
3 Health occupations,T,1890,Health occupations
"4 Occupations in education, law and social, community and government services",T,1891,"Occupations in education, law and social, communty and government services"
"5 Occupations in art, culture, recreation and sport",T,1892,"Occupations in art, culture, recreation and sport"
6 Sales and service occupations,T,1893,Sales and service occupations
"7 Trades, transport and equipment operators and related occupations",T,1894,"Trades, transport and equipment operators and related occupations"
"8 Natural resources, agriculture and related production occupations",T,1895,"Natural resources, agriculture and related production occupations"
9 Occupations in manufacturing and utilities,T,1896,Occupations in manufacturing and utilities
Industry - North American Industry Classification System (NAICS) 2012,T,,
Total labour force population aged 15 years and over by Industry - North American Industry Classification System (NAICS) 2012 - 25% sample dataCensus data footnote173,F,1897,
Industry - NAICS2012 - not applicableCensus data footnote169,T,1898,
All industry categoriesCensus data footnote170,F,1899,
"11 Agriculture, forestry, fishing and hunting",T,1900,"Agriculture, forestry, fishing and hunting"
"21 Mining, quarrying, and oil and gas extraction",T,1901,"Mining, quarrying, and oil and gas extraction"
22 Utilities,T,1902,Utilities
23 Construction,T,1903,Construction
31-33 Manufacturing,T,1904,Manufacturing
41 Wholesale trade,T,1905,Wholesale trade
44-45 Retail trade,T,1906,Retail trade
48-49 Transportation and warehousing,T,1907,Transportation and warehousing
51 Information and cultural industries,T,1908,Information and cultural industries
52 Finance and insurance,T,1909,Finance and insurance
53 Real estate and rental and leasing,T,1910,Real estate and rental and leasing
"54 Professional, scientific and technical services",T,1911,"Professional, scientific and technical services"
55 Management of companies and enterprises,T,1912,Management of companies and enterprises
"56 Administrative and support, waste management and remediation services",T,1913,"Administrative and support, waste management and remediation services"
61 Educational services,T,1914,Educational services
62 Health care and social assistance,T,1915,Health care and social assistance
"71 Arts, entertainment and recreation",T,1916,"Arts, entertainment and recreation"
72 Accommodation and food services,T,1917,Accomodation and food services
81 Other services (except public administration),T,1918,Other services (except public administration)
91 Public administration,T,1919,Public administration
Place of work status,T,,
Total - Place of work status for the employed labour force aged 15 years and over in private households - 25% sample dataCensus data footnote174,F,1920,
Worked at home,T,1921,
Worked outside Canada,T,1922,
No fixed workplace address,T,1923,
Worked at usual place,T,1924,
Commuting destinationUpdate of the 2016 Census commuting destination data,T,,
Total - Commuting destination for the employed labour force aged 15 years and over in private households with a usual place of work - 25% sample data,F,1925,
Commute within census subdivision (CSD) of residence,T,1926,
Commute to a different census subdivision (CSD) within census division (CD) of residence,T,1927,
Commute to a different census subdivision (CSD) and census division (CD) within province or territory of residence,T,1928,
Commute to a different province or territory,T,1929,
Main mode of commuting,T,,
Total - Main mode of commuting for the employed labour force aged 15 years and over in private households with a usual place of work or no fixed workplace address - 25% sample dataCensus data footnote175,F,1930,
"Car, truck, van - as a driver",T,1931,
"Car, truck, van - as a passenger",T,1932,
Public transit,T,1933,
Walked,T,1934,
Bicycle,T,1935,
Other method,T,1936,
Commuting duration,T,,
Total - Commuting duration for the employed labour force aged 15 years and over in private households with a usual place of work or no fixed workplace address - 25% sample dataCensus data footnote176,F,1937,
Less than 15 minutes,T,1938,
15 to 29 minutes,T,1939,
30 to 44 minutes,T,1940,
45 to 59 minutes,T,1941,
60 minutes and over,T,1942,
Time leaving for work,T,,
Total - Time leaving for work for the employed labour force aged 15 years and over in private households with a usual place of work or no fixed workplace address - 25% sample dataCensus data footnote177,F,1943,
Between 5 a.m. and 5:59 a.m.,T,1944,
Between 6 a.m. and 6:59 a.m.,T,1945,
Between 7 a.m. and 7:59 a.m.,T,1946,
Between 8 a.m. and 8:59 a.m.,T,1947,
Between 9 a.m. and 11:59 a.m.,T,1948,
Between 12 p.m. and 4:59 a.m.,T,1949,
Language used most often at work,F,,
"Total - Language used most often at work for the population in private households aged 15 years and over who worked since January 1, 2015 - 25% sample dataCensus data footnote178",F,1950,
Single responses,F,1951,
Official languages,F,1952,
English,F,1953,
French,F,1954,
Non-official languages,F,1955,
Aboriginal languages,F,1956,
Algonquian languages,F,1957,
Blackfoot,F,1958,
Cree-Montagnais languages,F,1959,
Atikamekw,F,1960,
Montagnais (Innu),F,1961,
Moose Cree,F,1962,
Naskapi,F,1963,
Northern East Cree,F,1964,
Plains Cree,F,1965,
Southern East Cree,F,1966,
Swampy Cree,F,1967,
Woods Cree,F,1968,
"Cree, n.o.s.",F,1969,
Eastern Algonquian languages,F,1970,
Malecite,F,1971,
Mi'kmaq,F,1972,
Ojibway-Potawatomi languages,F,1973,
Algonquin,F,1974,
Ojibway,F,1975,
Oji-Cree,F,1976,
Ottawa (Odawa),F,1977,
"Algonquian languages, n.i.e.",F,1978,
Athabaskan languages,F,1979,
Northern Athabaskan languages,F,1980,
Babine (Wetsuwet'en),F,1981,
Beaver,F,1982,
Carrier,F,1983,
Chilcotin,F,1984,
Dene,F,1985,
Dogrib (Tlicho),F,1986,
Gwich'in,F,1987,
Sarsi (Sarcee),F,1988,
Sekani,F,1989,
Slavey-Hare languages,F,1990,
North Slavey (Hare),F,1991,
South Slavey,F,1992,
"Slavey, n.o.s.",F,1993,
Tahltan languages,F,1994,
Kaska (Nahani),F,1995,
Tahltan,F,1996,
Tutchone languages,F,1997,
Northern Tutchone,F,1998,
Southern Tutchone,F,1999,
"Athabaskan languages, n.i.e.",F,2000,
Haida,F,2001,
Inuit languages,F,2002,
Inuinnaqtun (Inuvialuktun),F,2003,
Inuktitut,F,2004,
"Inuit languages, n.i.e.",F,2005,
Iroquoian languages,F,2006,
Cayuga,F,2007,
Mohawk,F,2008,
Oneida,F,2009,
"Iroquoian languages, n.i.e.",F,2010,
Kutenai,F,2011,
Michif,F,2012,
Salish languages,F,2013,
Comox,F,2014,
Halkomelem,F,2015,
Lillooet,F,2016,
Okanagan,F,2017,
Shuswap (Secwepemctsin),F,2018,
Squamish,F,2019,
Straits,F,2020,
Thompson (Ntlakapamux),F,2021,
"Salish languages, n.i.e.",F,2022,
Siouan languages,F,2023,
Dakota,F,2024,
Stoney,F,2025,
"Siouan languages, n.i.e.",F,2026,
Tlingit,F,2027,
Tsimshian languages,F,2028,
Gitxsan (Gitksan),F,2029,
Nisga'a,F,2030,
Tsimshian,F,2031,
Wakashan languages,F,2032,
Haisla,F,2033,
Heiltsuk,F,2034,
Kwakiutl (Kwak'wala),F,2035,
Nuu-chah-nulth (Nootka),F,2036,
"Wakashan languages, n.i.e.",F,2037,
"Aboriginal languages, n.o.s.",F,2038,
Non-Aboriginal languages,F,2039,
Afro-Asiatic languages,F,2040,
Berber languages,F,2041,
Kabyle,F,2042,
"Berber languages, n.i.e.",F,2043,
Cushitic languages,F,2044,
Bilen,F,2045,
Oromo,F,2046,
Somali,F,2047,
"Cushitic languages, n.i.e.",F,2048,
Semitic languages,F,2049,
Amharic,F,2050,
Arabic,F,2051,
Assyrian Neo-Aramaic,F,2052,
Chaldean Neo-Aramaic,F,2053,
Harari,F,2054,
Hebrew,F,2055,
Maltese,F,2056,
Tigrigna,F,2057,
"Semitic languages, n.i.e.",F,2058,
"Afro-Asiatic languages, n.i.e.",F,2059,
Austro-Asiatic languages,F,2060,
Khmer (Cambodian),F,2061,
Vietnamese,F,2062,
"Austro-Asiatic languages, n.i.e",F,2063,
Austronesian languages,F,2064,
Bikol,F,2065,
Cebuano,F,2066,
Fijian,F,2067,
Hiligaynon,F,2068,
Ilocano,F,2069,
Malagasy,F,2070,
Malay,F,2071,
"Pampangan (Kapampangan, Pampango)",F,2072,
Pangasinan,F,2073,
"Tagalog (Pilipino, Filipino)",F,2074,
Waray-Waray,F,2075,
"Austronesian languages, n.i.e.",F,2076,
Creole languages,F,2077,
Haitian Creole,F,2078,
"Creole, n.o.s.",F,2079,
"Creole languages, n.i.e.",F,2080,
Dravidian languages,F,2081,
Kannada,F,2082,
Malayalam,F,2083,
Tamil,F,2084,
Telugu,F,2085,
"Dravidian languages, n.i.e.",F,2086,
Hmong-Mien languages,F,2087,
Indo-European languages,F,2088,
Albanian,F,2089,
Armenian,F,2090,
Balto-Slavic languages,F,2091,
Baltic languages,F,2092,
Latvian,F,2093,
Lithuanian,F,2094,
Slavic languages,F,2095,
Belarusan,F,2096,
Bosnian,F,2097,
Bulgarian,F,2098,
Croatian,F,2099,
Czech,F,2100,
Macedonian,F,2101,
Polish,F,2102,
Russian,F,2103,
Serbian,F,2104,
Serbo-Croatian,F,2105,
Slovak,F,2106,
Slovene (Slovenian),F,2107,
Ukrainian,F,2108,
"Slavic languages, n.i.e.",F,2109,
Celtic languages,F,2110,
Scottish Gaelic,F,2111,
Welsh,F,2112,
"Celtic languages, n.i.e.",F,2113,
Germanic languages,F,2114,
Afrikaans,F,2115,
Danish,F,2116,
Dutch,F,2117,
Frisian,F,2118,
German,F,2119,
Icelandic,F,2120,
Norwegian,F,2121,
Swedish,F,2122,
Vlaams (Flemish),F,2123,
Yiddish,F,2124,
"Germanic languages, n.i.e.",F,2125,
Greek,F,2126,
Indo-Iranian languages,F,2127,
Indo-Aryan languages,F,2128,
Bengali,F,2129,
Gujarati,F,2130,
Hindi,F,2131,
Kashmiri,F,2132,
Konkani,F,2133,
Marathi,F,2134,
Nepali,F,2135,
Oriya (Odia),F,2136,
Punjabi (Panjabi),F,2137,
Sindhi,F,2138,
Sinhala (Sinhalese),F,2139,
Urdu,F,2140,
Iranian languages,F,2141,
Kurdish,F,2142,
Pashto,F,2143,
Persian (Farsi),F,2144,
"Indo-Iranian languages, n.i.e.",F,2145,
Italic (Romance) languages,F,2146,
Catalan,F,2147,
Italian,F,2148,
Portuguese,F,2149,
Romanian,F,2150,
Spanish,F,2151,
"Italic (Romance) languages, n.i.e.",F,2152,
Japanese,F,2153,
Kartvelian languages,F,2154,
Georgian,F,2155,
Korean,F,2156,
Mongolic languages,F,2157,
Mongolian,F,2158,
Niger-Congo languages,F,2159,
Akan (Twi),F,2160,
Bamanankan,F,2161,
Edo,F,2162,
Ewe,F,2163,
"Fulah (Pular, Pulaar, Fulfulde)",F,2164,
Ga,F,2165,
Ganda,F,2166,
Igbo,F,2167,
Lingala,F,2168,
Rundi (Kirundi),F,2169,
Kinyarwanda (Rwanda),F,2170,
Shona,F,2171,
Swahili,F,2172,
Wolof,F,2173,
Yoruba,F,2174,
"Niger-Congo languages, n.i.e.",F,2175,
Nilo-Saharan languages,F,2176,
Dinka,F,2177,
"Nilo-Saharan languages, n.i.e.",F,2178,
Sign languages,F,2179,
American Sign Language,F,2180,
Quebec Sign Language,F,2181,
"Sign languages, n.i.e",F,2182,
Sino-Tibetan languages,F,2183,
Chinese languages,F,2184,
Cantonese,F,2185,
Hakka,F,2186,
Mandarin,F,2187,
Min Dong,F,2188,
"Min Nan (Chaochow, Teochow, Fukien, Taiwanese)",F,2189,
Wu (Shanghainese),F,2190,
"Chinese, n.o.s.",F,2191,
"Chinese languages, n.i.e.",F,2192,
Tibeto-Burman languages,F,2193,
Burmese,F,2194,
Karenic languages,F,2195,
Tibetan,F,2196,
"Tibeto-Burman languages, n.i.e.",F,2197,
Tai-Kadai languages,F,2198,
Lao,F,2199,
Thai,F,2200,
"Tai-Kadai languages, n.i.e",F,2201,
Turkic languages,F,2202,
Azerbaijani,F,2203,
Turkish,F,2204,
Uyghur,F,2205,
Uzbek,F,2206,
"Turkic languages, n.i.e.",F,2207,
Uralic languages,F,2208,
Estonian,F,2209,
Finnish,F,2210,
Hungarian,F,2211,
"Uralic languages, n.i.e.",F,2212,
"Other languages, n.i.e.",F,2213,
Multiple responses,F,2214,
English and French,F,2215,
English and non-official language,F,2216,
French and non-official language,F,2217,
"English, French and non-official language",F,2218,
Other language used regularly at work,F,,
"Total - Other language(s) used regularly at work for the population in private households aged 15 years and over who worked since January 1, 2015 - 25% sample dataCensus data footnote179",F,2219,
None,F,2220,
English,F,2221,
French,F,2222,
Non-official language,F,2223,
Aboriginal,F,2224,
Non-Aboriginal,F,2225,
English and French,F,2226,
English and non-official language,F,2227,
French and non-official language,F,2228,
"English, French and non-official language",F,2229,
Mobility status - Place of residence 1 year ago,T,,
Total - Mobility status 1 year ago - 25% sample dataCensus data footnote180,F,2230,
Non-movers,T,2231,
Movers,F,2232,
Non-migrants,T,2233,
Migrants,F,2234,
Internal migrants,F,2235,
Intraprovincial migrants,T,2236,
Interprovincial migrants,T,2237,
External migrants,T,2238,
Mobility status - Place of residence 5 years ago,T,,
Total - Mobility status 5 years ago - 25% sample dataCensus data footnote181,F,2239,
Non-movers,T,2240,
Movers,F,2241,
Non-migrants,T,2242,
Migrants,F,2243,
Internal migrants,F,2244,
Intraprovincial migrants,T,2245,
Interprovincial migrants,T,2246,
External migrants,T,2247,
